﻿<?xml version="1.0" encoding="utf-8"?>
<Level Name="aaa" StartMoney="123" StartHealth="123">
  <Map Width="30" Height="20">
xxxxxxxxxxxxxxxxxxxxx///////$$
xxxxxxxxxxxxxxxxxxxx///////$$$
xxxxxxxxxxxxxxxxxxxx////####$$
xxxxxxxxxxxxxxxxxxx///##///xxx
xxxxxxxxxxxxxxxxxx///##////xxx
xxxxxxxxxxxxxxxx///##////xxxxx
xxxxxxxxxxxxxxx///##/////xxxxx
xxxxxxxxxxxxx///##/////xxxxxxx
xxxxxxxxxxxx////#/////xxxxxxxx
xxxxxxxxx/////##////xxxxxxxxxx
xxxxxxxxx////##////xxxxxxxxxxx
xxxxxxxx///##/////xxxxxxxxxxxx
xxxxxxxx//##/////xxxxxxxxxxxxx
xxxxxx///#/////xxxxxxxxxxxxxxx
xxxxxx//##////xxxxxxxxxxxxxxxx
xxxxx//#////xxxxxxxxxxxxxxxxxx
xxxx//##////xxxxxxxxxxxxxxxxxx
////##/////xxxxxxxxxxxxxxxxxxx
*####//////xxxxxxxxxxxxxxxxxxx
//////////xxxxxxxxxxxxxxxxxxxx
</Map>
  <SpawnData>
    <Wave>
      <Enemy Type="Swordsman" />
      <Delay Time="1" />
      <Enemy Type="Swordsman" />
      <Delay Time="1" />
      <Enemy Type="Swordsman" />
      <Delay Time="1" />
      <Enemy Type="Swordsman" />
      <Delay Time="1" />
    </Wave>
  </SpawnData>
</Level>