﻿<?xml version="1.0" encoding="utf-8"?>
<Level Name="Level05" StartMoney="500" StartHealth="10">
  <Map Width="20" Height="20">
//////////////////$$
/////////////////$$$
//////////////////$$
/////////////////#//
/////////////////#//
////////////////#///
////////////////#///
///////////////#////
///////////////#////
//////////////#/////
//////////////#/////
/////////////#//////
/////////////#//////
////////////#///////
////////////#///////
//////////##////////
//////////#/////////
/////////#//////////
/////////#//////////
*########///////////
</Map>
  <SpawnData>
    <Wave>
      <Enemy Type="Golem" />
      <Delay Time="1" />
      <Enemy Type="Golem" />
      <Delay Time="1" />
      <Enemy Type="Golem" />
      <Delay Time="1" />
      <Enemy Type="Golem" />
      <Delay Time="1" />
      <Enemy Type="Golem" />
    </Wave>
  </SpawnData>
</Level>