<Level Name="Level03" StartMoney="500" StartHealth="10">
  <Map Width="30" Height="20">
    xxxxxxxxxxxxxxxxxxxxxxx/////$$
    xxx////////////////////////$$$
    xxx//////////////////////###$$
    xxx/////#################////x
    xxx/////#////////////////////x
    xxx/////#////////////////////x
    xxx/////#////////#########///x
    xxx/////#########////////#///x
    xxx//////////////////////#///x
    xxx/////########/////////#///x
    xxx/////#///////#////////#///x
    xxx/////#///////#########////x
    xxx/////#////////////////////x
    xxx/////#////////////////////x
    xxx//////############////////x
    xxx/////////////////#////////x
    ///////////##########////////x
    //////////#//////////////////x
    *##########//////////xxxxxxxxx
    //////////////////xxxxxxxxxxxx
  </Map>
  <SpawnData>
    <Wave>
      <Enemy Type="Dragon"/>
      <Delay Time="5"/>
      <Enemy Type="Swordsman"/>
      <Delay Time="1"/>
      <Enemy Type="Swordsman"/>
      <Delay Time="1"/>
    </Wave>
  </SpawnData>
</Level>