﻿<?xml version="1.0" encoding="utf-8"?>
<Level Name="Level00" StartMoney="2000" StartHealth="20">
  <Map Width="30" Height="20">
xxxxxxxxxxxxxxxxxxxxxxxxxxxx$$
xxxxxxx////////////////////$$$
xxxxxxx//###################$$
xxxxxx//#/xxxxxxxxxxxxxxxxxx//
xxxxxx//#/xxxxxxxxxxxxxxxxxxxx
xxxxxx/#//xxxxxxxxxxxxxxxxxxxx
xxxxxx//##//xxxxx/////////xxxx
xxxxxxxx/################*xxxx
xxxxxxxxx////////////////xxxxx
xxxxxxxxxxxxxxxxxxxxxxx/xxxxxx
xxxxxxxxxxxxxxxxxxxxxxxxxxxxxx
xxxxxxxxxxxxxxxxxxxxxxxxxxxxxx
xxxxxxxxxxxxxxxxxxxxxxxxxxxxxx
xxxxxxxxxxxxxxxxxxxxxxxxxxxxxx
xxxxxxxxxxxxxxxxxxxxxxxxxxxxxx
xxxxxxxxxxxxxxxxxxxxxxxxxxxxxx
xxxxxxxxxxxxxxxxxxxxxxxxxxxxxx
xxxxxxxxxxxxxxxxxxxxxxxxxxxxxx
xxxxxxxxxxxxxxxxxxxxxxxxxxxxxx
xxxxxxxxxxxxxxxxxxxxxxxxxxxxxx
</Map>
  <SpawnData>
    <Wave>
      <Enemy Type="Rogue" />
      <Delay Time="1" />
      <Enemy Type="Swordsman" />
      <Delay Time="1" />
      <Enemy Type="Dragon" />
    </Wave>
  </SpawnData>
</Level>