﻿<?xml version="1.0" encoding="utf-8"?>
<Level Name="BossTest" StartMoney="500" StartHealth="10">
  <Map Width="15" Height="15">
#############$$
############$$$
#############$$
###############
###############
###############
###############
###############
###############
###############
###############
###############
###############
###############
*##############
</Map>
  <SpawnData>
    <Wave>
      <Enemy Type="Swordsman" />
      <Delay Time="1" />
      <Enemy Type="Boss" />
    </Wave>
  </SpawnData>
</Level>